Name,Ingredients,Ready In Minutes,Serving Size,Steps,Description,Status
Chili chops with cauliflower salad,"canned tomatoes,800.0,gr; cauliflower,1.0,medium head; cream cheese,2.0,Tbs; cumin,1.0,tsp; dried tarragon,0.5,tsp; fresh parsley,0.5,tsp; green chili pepper,130.0,g; lemon juice,2.0,Tbs; mayonnaise,0.25,cup; cooking oil,1.0,tsp; pork chops,1.0,pound; green pepper,2.0,Tbs; table salt,4.0,servings; salt and pepper,4.0,servings; swiss cheese,0.33333334,cup",1498,4,"Season chops with salt and pepper and brown them
in a nonstick skillet over medium-high heat for
about 2 minutes per side.; Combine salsa,       chilies and cumin in a bowl.; Pour mixture over chops. Reduce heat to low,       cover
skillet and simmer chops 5 minutes or until cooked
through.; Mix cheeses in a bowl. Divide cheese mixture over
chops,       cover and cook 1 minute,       just until cheese
melts.Cauliflower salad:Cook cauliflower florets
in a large pot of salted,       boiling water until
tender-crisp,       5 to 10 minutes.; Drain and rinse under cold water.Or cook in MWC
for 15 minutes.In a large bowl,       combine
mayonnaise,       lemon juice and tarragon.; Add cauliflower,       jalapeno,       salt and pepper.; Mix well until cauliflower florets are evenly
coated with dressing. Chill at least 30 minutes
for flavors to blend. (Can be made ahead. Store in
an airtight container and refrigerate up to 24
hours.); Sprinkle with parsley just before serving.","You can never have too many American recipes, so give Chili chops with cauliflower salad a try. This recipe makes 4 servings with 455 calories, 34g of protein, and 26g of fat each. For $3.06 per serving, this recipe covers 35% of your daily requirements of vitamins and minerals. A mixture of lemon juice, chilies, pork chops, and a handful of other ingredients are all it takes to make this recipe so tasty. This recipe from Foodista has 10 fans. The Super Bowl will be even more special with this recipe. From preparation to the plate, this recipe takes around 45 minutes. It works well as a rather pricey main course. It is a good option if you're following a gluten free diet. With a spoonacular score of 88%, this dish is excellent. If you like this recipe, you might also like recipes such as Chili Chops, Chili Chops, and Lamb Chops with Cauliflower and Raisins.",active
Air Fryer Cheesy Chips,"french fries,1.0,serving; mozzarella,75.0,g; shredded cheddar cheese,75.0,g; spring onions,2.0,; None,1.0,serving",5,2,"Place the leftover chips into your silicone cake
pan and add a layer of the mozzarella cheese.; Chop up your spring onion and place over the
mozzarella cheese.; Then add your other layer of grated cheese.; Place the silicone cake pan into the air fryer
basket and air fry for 5 minutes at 180c/360f or
until the cheese is fully melted.","You can never have too many American recipes, so give Air Fryer Cheesy Chips a try. For $1.06 per serving, you get a side dish that serves 2. One portion of this dish contains around 17g of protein, 21g of fat, and a total of 271 calories. 1 person found this recipe to be flavorful and satisfying. If you have , mozzarella cheese, cheddar cheese, and a few other ingredients on hand, you can make it. From preparation to the plate, this recipe takes about 10 minutes. It is a good option if you're following a gluten free, lacto ovo vegetarian, and ketogenic diet. It is brought to you by Recipe This. Taking all factors into account, this recipe earns a spoonacular score of 0%, which is improvable. If you like this recipe, take a look at these similar recipes: Air Fryer Zucchini Chips, Air Fryer Zucchini Chips, and Air Fryer Potato Chips.",active
Carrot Cake Snack Bites,"carrot,2.25,cup; cinnamon,1.0,tsp; coconut,0.6666667,cup; ginger powder,0.25,tsp; medjool dates,0.75,cup; sunflower seeds,0.5,cup; walnuts,0.5,cup",0,20,"In a food processor,      blend all the snack bite
ingredients together.Scoop out tablespoons full of
the batter and roll it into a ball.; Roll the balls in sesame seeds,      coconut,      or
chopped almonds for additional crunch,      if
desired.Store refrigerated.","Carrot Cake Snack Bites takes about 45 minutes from beginning to end. This recipe serves 20. One portion of this dish contains roughly 1g of protein, 5g of fat, and a total of 70 calories. For 23 cents per serving, this recipe covers 5% of your daily requirements of vitamins and minerals. It is brought to you by Foodista. It can be enjoyed any time, but it is especially good for Easter. Head to the store and pick up medjool dates, cinnamon, coconut, and a few other things to make it today. 803 people were glad they tried this recipe. It is a good option if you're following a gluten free, dairy free, paleolithic, and lacto ovo vegetarian diet. Overall, this recipe earns an excellent spoonacular score of 82%. Carrot Snack Cake, Carrot and Banana Snack Cake, and Caramel and Carrot Snack Cake are very similar to this recipe.",active
Peach Pie,"almond paste,3.0,ounces; golden brown sugar,0.5,cup; golden brown sugar,0.5,cup; egg,4.0,large; cream,2.0,cups; shortcrust pastry,6.0,servings; peach,3.0,cups; vanilla extract,1.0,tablespoon",53,6,"Preheat the oven at 37; Place the pastry dough on a 9 inch round pie
plate. Poke lightly the pastry and prebake for 8
minutes in the hot oven.; Remove and set aside.In a large bowl mix together
the eggs,     almond paste,     heavy cream,     brown sugar
and vanilla extract.; Add the cut up peaches to the pastry shell,     cover
with the eggs mixture.; Bake at 350 for 45 minutes,     or until the middle is
solid firm.","Peach Pie might be a good recipe to expand your dessert recipe box. One serving contains 547 calories, 10g of protein, and 37g of fat. This recipe serves 6 and costs $1.71 per serving. Not a lot of people made this recipe, and 7 would say it hit the spot. A mixture of almond paste, vanillan extract, pastry crust, and a handful of other ingredients are all it takes to make this recipe so flavorful. From preparation to the plate, this recipe takes about 45 minutes. It is brought to you by Foodista. It is a good option if you're following a lacto ovo vegetarian diet. Overall, this recipe earns a rather bad spoonacular score of 34%. Similar recipes are Freezer Peach Pie Filling and Pie Freezing Method, Peach Pie Recipe (lattice-top Pie), and Peach Pie.",active
Texas Fries,"french fries,32.0,ounces; black pepper,4.0,servings; jalapeno pepper,1.0,cup; table salt,4.0,servings; maui onion,1.0,large; vegetable oil,1.0,tablespoon",0,4,,"If you want to add more American recipes to your recipe box, Texas Fries might be a recipe you should try. Watching your figure? This gluten free, dairy free, lacto ovo vegetarian, and whole 30 recipe has 653 calories, 7g of protein, and 37g of fat per serving. This recipe serves 4. For $1.24 per serving, this recipe covers 15% of your daily requirements of vitamins and minerals. It works well as a side dish. 3 people have made this recipe and would make it again. Head to the store and pick up onion, ground pepper, vegetable oil, and a few other things to make it today. From preparation to the plate, this recipe takes approximately 45 minutes. It is brought to you by Food.com. Taking all factors into account, this recipe earns a spoonacular score of 52%, which is solid. Similar recipes are Texas Cheese Fries, Texas Cheese Fries, and Skinny Texas Cheese Fries.",active
"Watermelon Popsicles with Mint, Basil & Lime","fresh basil,2.0,tbsp; fresh basil,2.0,tbsp; lime juice,2.0,; mint,2.0,tbsp; table salt,1.0,tablespoon; watermelon,4.0,cups",240,8,"Combine basil,     lime juice,     mint leaves,     salt,     and
cubed watermelon in a blender.  Blend at highest
speed until liquefied.; Pour into popsicle molds or ice cube tray and
freeze for a minimum of 4 hours.; Serve.","Watermelon Popsicles with Mint, Basil & Lime requires around 45 minutes from start to finish. For 26 cents per serving, you get a side dish that serves 8. One serving contains 25 calories, 1g of protein, and 0g of fat. 13 people were impressed by this recipe. A mixture of basil leaves, juice of lime, watermelon flesh, and a handful of other ingredients are all it takes to make this recipe so scrumptious. It can be enjoyed any time, but it is especially good for Summer. It is a good option if you're following a gluten free, dairy free, paleolithic, and lacto ovo vegetarian diet. It is brought to you by Foodista. Taking all factors into account, this recipe earns a spoonacular score of 17%, which is not so tremendous. Try Watermelon Lime Mint Popsicles, Watermelon Aguas Frescas With Lime, Mint & Basil Syrup, and Watermelon-Mint Popsicles with Blueberries for similar recipes.",active
Texas Fries,"french fries,32.0,ounces; black pepper,4.0,servings; jalapeno pepper,1.0,cup; table salt,4.0,servings; maui onion,1.0,large; vegetable oil,1.0,tablespoon",0,4,,"If you want to add more American recipes to your recipe box, Texas Fries might be a recipe you should try. Watching your figure? This gluten free, dairy free, lacto ovo vegetarian, and whole 30 recipe has 653 calories, 7g of protein, and 37g of fat per serving. This recipe serves 4. For $1.24 per serving, this recipe covers 15% of your daily requirements of vitamins and minerals. It works well as a side dish. 3 people have made this recipe and would make it again. Head to the store and pick up onion, ground pepper, vegetable oil, and a few other things to make it today. From preparation to the plate, this recipe takes approximately 45 minutes. It is brought to you by Food.com. Taking all factors into account, this recipe earns a spoonacular score of 52%, which is solid. Similar recipes are Texas Cheese Fries, Texas Cheese Fries, and Skinny Texas Cheese Fries.",active
Twinkle-Twinkle Pickle Snack,"dill pickles,8.0,large; cream cheese,4.0,ounces; cooked ham,8.0,slices",0,8,"Pat pickles dry with paper towel.; Spread 1 tablespoon cream cheese on each ham
slice.; Place pickle on ham; wrap ham around pickle.; Cut wrapped pickle into 1/2-inch slices.","If you want to add more gluten free, primal, and ketogenic recipes to your repertoire, Twinkle-Twinkle Pickle Snack might be a recipe you should try. For $1.34 per serving, this recipe covers 7% of your daily requirements of vitamins and minerals. One portion of this dish contains approximately 7g of protein, 8g of fat, and a total of 108 calories. This recipe serves 8. A mixture of dill pickles, cream cheese, ham, and a handful of other ingredients are all it takes to make this recipe so flavorful. It works well as a hor d'oeuvre. 1 person has tried and liked this recipe. It is brought to you by Betty Crocker. From preparation to the plate, this recipe takes approximately 10 minutes. Overall, this recipe earns a very bad (but still fixable) spoonacular score of 0%. If you like this recipe, you might also like recipes such as Fresh Quick ""Pickle"" Side Dish, Antioxidant Almond Snack Mix, and Carrot Cake Snack Bites.",active
Baked Fried Chicken With Cauliflower Mash,"buttermilk,0.25,cup; buttermilk,1.5,cups; cauliflower,2.0,heads; cauliflower,6.0,servings; ground cayenne pepper,0.5,teaspoon; whole chicken,6.0,servings; dijon mustard,3.0,tablespoons; mustard powder,1.5,teaspoons; wheat flour,6.0,tablespoons; whole garlic cloves,2.0,; lemon juice,2.0,tablespoons; lemon peel,2.0,teaspoons; light sour cream,0.25,cup; panko,1.5,cups; paprika,1.0,teaspoon; grated parmesan cheese,0.5,cup; ricotta cheese,0.25,cup; salt and pepper,6.0,servings; boneless skinless chicken breast,2.0,pounds; thyme,1.0,tablespoon",0,6,"For marinade:Fillet chicken breast in half to make
thinner pieces,    and cut in half again to make
smaller pieces.; Whisk all marinade ingredients (except for the
chicken) in large bowl.; Add chicken and coat in marinade.Chill overnight
for more intense flavor. But if you are short on
time (which I usually am) it is ok to use right
away as well.For breading:Preheat to 450F; Mix breading ingredients large bowl.; Place wire rack on baking sheets.; Remove chicken breast from bowl and place in
coating mixture.; Transfer to rack. Repeat with remaining chicken
breasts.-; Place chicken breasts on rack and spray with olive
oil .; Cut up cauliflower in small pieces.; Place in large saut pan with about 1 cup of water
(enough to cover the bottom of pan,    plus a little
extra to make sure it doesn't all evaporate)Cook
until tender.; Combine cauliflower with buttermilk,    sour cream,   
ricotta and salt and pepper.In batches,    place in
blender and puree until smooth. (if it is having a
hard time blending,    add either some chicken or
vegetable stock,    or even more buttermilk)","If you want to add more Southern recipes to your recipe box, Baked Fried Chicken With Cauliflower Mash might be a recipe you should try. This recipe makes 6 servings with 662 calories, 66g of protein, and 29g of fat each. For $3.96 per serving, this recipe covers 42% of your daily requirements of vitamins and minerals. It works well as a main course. 19 people found this recipe to be delicious and satisfying. If you have garlic cloves, dijon mustard, chicken, and a few other ingredients on hand, you can make it. From preparation to the plate, this recipe takes approximately 45 minutes. It is brought to you by Foodista. Overall, this recipe earns a great spoonacular score of 92%. Sticky Honey Sriracha Cauliflower ""wings"" (Baked or Fried), Sticky Honey Sriracha Cauliflower ""wings"" (Baked or Fried), and Sticky Honey Sriracha Cauliflower ""wings"" (Baked or Fried) are very similar to this recipe.",active
How to Make the Perfect Sweet Potato Sloppy Joes,"bell pepper,0.5,cup; bell pepper,0.5,cup; garlic,1.0,clove; ground turkey,1.5,pounds; olive oil,4.0,servings; onion,0.5,cup; salt and pepper,4.0,servings; sweet potato,4.0,large; tomato paste,6.0,ounces; canned tomato sauce,14.0,ounces; water,1.0,cup",80,4,"Preheat the oven to 425 degrees. Pierce the sweet
potatoes all over the skin with a fork. Rub the
outside of the potatoes with olive oil and cover
with foil.; Bake in the oven for 1 hour until fully cooked.; Brown the ground turkey in a skillet on medium
heat. Once it's finished cooking,   add the onion,  
bell pepper,   and garlic.; Mix well. Cook until the mixture is fully cooked
and starts to crumble.; Stir in the garlic,   water,   tomato paste,   and
tomato sauce. Stir until mixed well. Turn heat
down to low and simmer for 20 minutes,   stirring
occasionally.; Remove the sweet potatoes from the foil and slice
down the middle. Mash up the insides with a fork
and pour the sloppy joe mix over sweet potatoes.; Serve and enjoy!","The recipe How to Make the Perfect Sweet Potato Sloppy Joes is ready in roughly 40 minutes and is definitely a super gluten free, dairy free, paleolithic, and primal option for lovers of American food. This recipe serves 4. This main course has 679 calories, 49g of protein, and 18g of fat per serving. For $4.82 per serving, this recipe covers 46% of your daily requirements of vitamins and minerals. This recipe from Pink When has 11 fans. Head to the store and pick up salt and pepper, garlic, ground turkey, and a few other things to make it today. All things considered, we decided this recipe deserves a spoonacular score of 93%. This score is awesome. If you like this recipe, take a look at these similar recipes: How to Make the Perfect Sweet Potato Sloppy Joes, Just Perfect Sloppy Joes, and How to Make Classic Sloppy Joes.",active
Crispy Chicken Burrito,"whole chicken,2.0,pounds; cream cheese,12.0,ounces; light olive oil,8.0,servings; onion,1.0,large; table salt,8.0,servings; tomato,2.0,medium; tortilla,10.0,",5,8,"Cut chicken into two inch pieces.Preheat skillet
with a little bit of olive oil,  to a medium heat, 
add chicken to the skillet. Season chicken with
salt and cook it until it's well cooked through.
Dice tomatoes and onions into small pieces.; Add onions to the cooking chicken,  as soon as
onions soften add tomatoes. Cook chicken for
another 5 minutes,  remove it form the heat and let
the chicken cool to a room temperature.; Add softened cream cheese to the chicken and work
it with your hands,  to break chicken into tiny
pieces.; Combine everything together.; Place a few tablespoons of chicken into the middle
of the tortilla,  forming a little tube out of it.; Roll up tortillas really tightly and stack them
together in a dish.Preheat the skilled,  filled
with 1/2 cup of light olive oil,  to a medium/low
heat. Drop one or two tacos and fry them until the
outside is crispy all around.; Serve hot,  using sour cream for dipping.","Crispy Chicken Burrito is a Mexican recipe that serves 8. One portion of this dish contains approximately 16g of protein, 29g of fat, and a total of 418 calories. For $1.26 per serving, this recipe covers 12% of your daily requirements of vitamins and minerals. 30 people were glad they tried this recipe. A mixture of tomatoes, onion, olive oil, and a handful of other ingredients are all it takes to make this recipe so delicious. It works well as an affordable main course. From preparation to the plate, this recipe takes approximately 1 hour. It is a good option if you're following a gluten free diet. It is brought to you by Moms Dish. With a spoonacular score of 42%, this dish is solid. If you like this recipe, you might also like recipes such as Healthy Crispy Fiesta Chicken Burrito Wraps, Burrito de Pollo (Chicken Burrito), and Pineapple Dak Bulgogi Burrito (Korean Spicy Pineapple BBQ Chicken Burrito).",active
Peanut Butter and Apple Oatmeal Breakfast Bars,"rolled oats,2.0,cups; creamy peanut butter,0.25,cup; butter,1.0,tbsp; vegetable oil,2.0,tbsp; whole wheat flour,1.0,cup; honey,2.0,tbsp; golden brown sugar,0.33333334,cup; golden brown sugar,0.33333334,cup; vanilla extract,1.0,tbsp; cinnamon,1.0,tbsp; apple,1.0,",36,8,"Preheat oven to 350 degrees F.; Grease an 11x7 inch baking pan. If you don't have
one,  you can use an 8x8,  9x9,  or if neceessary an
11x1; Place peanut butter and butter in a microwave safe
dish.; Heat in the microwave for 30-45 seconds or until
butter is melted. Stir together.; Place all ingredients,  except fruit,  into a bowl.
Using an electric beater or Kitchen; Aid mixer,  beat ingredients together for
approximately 1 minutes.; Peel a whole apple and thinly chop into pinky nail
size pieces.; Stir the apples into the oatmeal mixture.; Pour the mixture into greased pan and press entire
mixture down firmly with your fingers.; Place pan into the oven and cook for 25 minutes or
until edges are golden brown. If you are using an
11x13 pan,  it will take a bit less time because
the mixture will be much thinner.; Let cool for 10 minutes before slicing into
strips.; Let the remaining bars cool entirely before you
place in tupperware or wrap them in foil.","Peanut Butter and Apple Oatmeal Breakfast Bars takes around 45 minutes from beginning to end. Watching your figure? This lacto ovo vegetarian recipe has 288 calories, 7g of protein, and 11g of fat per serving. This recipe serves 8 and costs 49 cents per serving. A few people made this recipe, and 15 would say it hit the spot. It works well as a very reasonably priced breakfast. It is brought to you by Foodista. If you have apple, honey, vanillan extract, and a few other ingredients on hand, you can make it. With a spoonacular score of 43%, this dish is solid. If you like this recipe, you might also like recipes such as Peanut Butter and Apple Oatmeal Breakfast Bars, Peanut Butter and Apple Oatmeal Breakfast Bars, and Caramel Apple Peanut Butter Oatmeal Bars.",active
Dill Pickle Dip,"cream cheese,8.0,ounces; dill pickles,0.5,cup; pickle juice,2.0,tbsp; spring onions,2.0,tbsp; dill,1.0,tbsp; dill pickles,4.0,servings",0,4,"In a small bowl,  mix together the cream cheese, 
chopped pickles,  pickle juice,  green onions,  and
fresh dill.; Season with salt and pepper,  to taste.; Serve dip in a bowl,  topped with additional
chopped pickles and fresh dill.; Serve with pita chips,  vegetables,  crackers, 
potato chips,  pretzels,  etc.; Enjoy!","Dill Pickle Dip might be a good recipe to expand your hor d'oeuvre recipe box. This recipe makes 4 servings with 212 calories, 4g of protein, and 20g of fat each. For $1.12 per serving, this recipe covers 5% of your daily requirements of vitamins and minerals. 1 person were impressed by this recipe. The Super Bowl will be even more special with this recipe. It is a good option if you're following a gluten free and lacto ovo vegetarian diet. It is brought to you by Greens And Chocolate. If you have cream cheese to, dill, green onions, and a few other ingredients on hand, you can make it. From preparation to the plate, this recipe takes around 15 minutes. Overall, this recipe earns a not so tremendous spoonacular score of 17%. Users who liked this recipe also liked Dill Pickle Dip, Dill Pickle Dip, and Dill Pickle Dip.",active
