[{"id": 12099, "title": "Chicken Stock", "image": "https://img.spoonacular.com/recipes/12099-312x231.jpg", "imageType": "jpg", "usedIngredientCount": 3, "missedIngredientCount": 1, "missedIngredients": [{"id": 11143, "amount": 2.0, "unit": "stalks", "unitLong": "stalks", "unitShort": "stalks", "aisle": "Produce", "name": "celery", "original": "2 stalks celery", "originalName": "celery", "meta": [], "image": "https://img.spoonacular.com/ingredients_100x100/celery.jpg"}], "usedIngredients": [{"id": 11124, "amount": 2.0, "unit": "", "unitLong": "", "unitShort": "", "aisle": "Produce", "name": "carrots", "original": "2 carrots, peeled and roughly chopped", "originalName": "carrots, peeled and roughly chopped", "meta": ["peeled", "roughly chopped"], "image": "https://img.spoonacular.com/ingredients_100x100/sliced-carrot.png"}, {"id": 5006, "amount": 3.0, "unit": "lb", "unitLong": "pounds", "unitShort": "lb", "aisle": "Meat", "name": "chicken", "original": "1 3-lb. chicken", "originalName": "chicken", "meta": [], "image": "https://img.spoonacular.com/ingredients_100x100/whole-chicken.jpg"}, {"id": 10511282, "amount": 1.0, "unit": "medium", "unitLong": "medium", "unitShort": "medium", "aisle": "Produce", "name": "onion", "original": "1 medium yellow onion, peeled", "originalName": "yellow onion, peeled", "meta": ["yellow", "peeled"], "extendedName": "yellow onion", "image": "https://img.spoonacular.com/ingredients_100x100/brown-onion.png"}], "unusedIngredients": [], "likes": 8}, {"id": 94960, "title": "Classic Chicken Soup", "image": "https://img.spoonacular.com/recipes/94960-312x231.jpg", "imageType": "jpg", "usedIngredientCount": 3, "missedIngredientCount": 1, "missedIngredients": [{"id": 10111143, "amount": 4.0, "unit": "", "unitLong": "", "unitShort": "", "aisle": "Produce", "name": "celery stalks", "original": "4 celery stalks", "originalName": "celery stalks", "meta": [], "image": "https://img.spoonacular.com/ingredients_100x100/celery.jpg"}], "usedIngredients": [{"id": 11124, "amount": 6.0, "unit": "", "unitLong": "", "unitShort": "", "aisle": "Produce", "name": "carrots", "original": "6 carrots, peeled", "originalName": "carrots, peeled", "meta": ["peeled"], "image": "https://img.spoonacular.com/ingredients_100x100/sliced-carrot.png"}, {"id": 5006, "amount": 3.5, "unit": "pound", "unitLong": "pounds", "unitShort": "lb", "aisle": "Meat", "name": "chicken", "original": "1 3 1/2- to 4-pound chicken", "originalName": "chicken", "meta": [], "image": "https://img.spoonacular.com/ingredients_100x100/whole-chicken.jpg"}, {"id": 10511282, "amount": 1.0, "unit": "large", "unitLong": "large", "unitShort": "large", "aisle": "Produce", "name": "onion", "original": "1 large yellow onion, quartered", "originalName": "yellow onion, quartered", "meta": ["yellow", "quartered"], "extendedName": "yellow onion", "image": "https://img.spoonacular.com/ingredients_100x100/brown-onion.png"}], "unusedIngredients": [], "likes": 1}, {"id": 82488, "title": "Light Chicken Stock", "image": "https://img.spoonacular.com/recipes/82488-312x231.jpg", "imageType": "jpg", "usedIngredientCount": 3, "missedIngredientCount": 1, "missedIngredients": [{"id": 11215, "amount": 6.0, "unit": "servings", "unitLong": "servings", "unitShort": "servings", "aisle": "Produce", "name": "garlic", "original": "garlic", "originalName": "garlic", "meta": [], "image": "https://img.spoonacular.com/ingredients_100x100/garlic.png"}], "usedIngredients": [{"id": 11124, "amount": 6.0, "unit": "servings", "unitLong": "servings", "unitShort": "servings", "aisle": "Produce", "name": "carrots", "original": "carrots", "originalName": "carrots", "meta": [], "image": "https://img.spoonacular.com/ingredients_100x100/sliced-carrot.png"}, {"id": 5006, "amount": 6.0, "unit": "servings", "unitLong": "servings", "unitShort": "servings", "aisle": "Meat", "name": "chicken backs", "original": "chicken backs", "originalName": "chicken backs", "meta": [], "image": "https://img.spoonacular.com/ingredients_100x100/whole-chicken.jpg"}, {"id": 10511282, "amount": 6.0, "unit": "servings", "unitLong": "servings", "unitShort": "servings", "aisle": "Produce", "name": "onion", "original": "yellow onion", "originalName": "yellow onion", "meta": ["yellow"], "extendedName": "yellow onion", "image": "https://img.spoonacular.com/ingredients_100x100/brown-onion.png"}], "unusedIngredients": [], "likes": 0}, {"id": 828705, "title": "Roasted Chickens", "image": "https://img.spoonacular.com/recipes/828705-312x231.jpg", "imageType": "jpg", "usedIngredientCount": 3, "missedIngredientCount": 1, "missedIngredients": [{"id": 11143, "amount": 1.0, "unit": "cup", "unitLong": "cup", "unitShort": "cup", "aisle": "Produce", "name": "celery", "original": "1 cup chopped celery", "originalName": "chopped celery", "meta": ["chopped"], "image": "https://img.spoonacular.com/ingredients_100x100/celery.jpg"}], "usedIngredients": [{"id": 5109, "amount": 10.0, "unit": "pound", "unitLong": "pounds", "unitShort": "lb", "aisle": "Meat", "name": "chickens", "original": "2 5-pound whole chickens, giblets removed", "originalName": "whole chickens, giblets removed", "meta": ["whole"], "extendedName": "whole chickens", "image": "https://img.spoonacular.com/ingredients_100x100/whole-chicken.jpg"}, {"id": 11282, "amount": 1.0, "unit": "cup", "unitLong": "cup", "unitShort": "cup", "aisle": "Produce", "name": "onion", "original": "1 cup chopped onion", "originalName": "chopped onion", "meta": ["chopped"], "image": "https://img.spoonacular.com/ingredients_100x100/brown-onion.png"}, {"id": 11124, "amount": 1.0, "unit": "cup", "unitLong": "cup", "unitShort": "cup", "aisle": "Produce", "name": "carrot", "original": "1 cup chopped carrot", "originalName": "chopped carrot", "meta": ["chopped"], "image": "https://img.spoonacular.com/ingredients_100x100/sliced-carrot.png"}], "unusedIngredients": [], "likes": 0}, {"id": 1089180, "title": "Slow cooker roast chicken", "image": "https://img.spoonacular.com/recipes/1089180-312x231.jpg", "imageType": "jpg", "usedIngredientCount": 3, "missedIngredientCount": 2, "missedIngredients": [{"id": 1001, "amount": 2.0, "unit": "tbsp", "unitLong": "tablespoons", "unitShort": "Tbsp", "aisle": "Milk, Eggs, Other Dairy", "name": "butter", "original": "2 tbsp butter, softened", "originalName": "butter, softened", "meta": ["softened"], "image": "https://img.spoonacular.com/ingredients_100x100/butter-sliced.jpg"}, {"id": 2004, "amount": 1.0, "unit": "", "unitLong": "", "unitShort": "", "aisle": "Produce", "name": "bay leaf", "original": "1 bay leaf", "originalName": "bay leaf", "meta": [], "image": "https://img.spoonacular.com/ingredients_100x100/bay-leaves.jpg"}], "usedIngredients": [{"id": 11282, "amount": 1.0, "unit": "large", "unitLong": "large", "unitShort": "large", "aisle": "Produce", "name": "onion", "original": "1 large onion, peeled and cut into thick slices", "originalName": "onion, peeled and cut into thick slices", "meta": ["thick", "peeled", "cut into  slices"], "image": "https://img.spoonacular.com/ingredients_100x100/brown-onion.png"}, {"id": 11124, "amount": 2.0, "unit": "", "unitLong": "", "unitShort": "", "aisle": "Produce", "name": "carrots", "original": "2 carrots, halved lengthways and chopped", "originalName": "carrots, halved lengthways and chopped", "meta": ["halved", "chopped"], "image": "https://img.spoonacular.com/ingredients_100x100/sliced-carrot.png"}, {"id": 5006, "amount": 1.0, "unit": "small", "unitLong": "small", "unitShort": "small", "aisle": "Meat", "name": "chicken", "original": "1 small or medium chicken", "originalName": "or medium chicken", "meta": [], "image": "https://img.spoonacular.com/ingredients_100x100/whole-chicken.jpg"}], "unusedIngredients": [], "likes": 1}]