{"recipes": [{"vegetarian": false, "vegan": false, "glutenFree": true, "dairyFree": false, "veryHealthy": false, "cheap": false, "veryPopular": false, "sustainable": false, "lowFodmap": false, "weightWatcherSmartPoints": 6, "gaps": "no", "preparationMinutes": -1, "cookingMinutes": -1, "aggregateLikes": 8, "healthScore": 25, "creditsText": "Foodista.com \u2013 The Cooking Encyclopedia Everyone Can Edit", "license": "CC BY 3.0", "sourceName": "Foodista", "pricePerServing": 415.46, "extendedIngredients": [{"id": 1001, "aisle": "Milk, Eggs, Other Dairy", "image": "butter-sliced.jpg", "consistency": "SOLID", "name": "butter", "nameClean": "butter", "original": "2 Tbs. Melted butter", "originalName": "Melted butter", "amount": 2.0, "unit": "Tbs", "meta": ["melted"], "measures": {"us": {"amount": 2.0, "unitShort": "Tbs", "unitLong": "Tbs"}, "metric": {"amount": 2.0, "unitShort": "Tbs", "unitLong": "Tbs"}}}, {"id": 20027, "aisle": "Baking", "image": "white-powder.jpg", "consistency": "SOLID", "name": "cornstarch", "nameClean": "corn starch", "original": "1 Tbs. cornstarch dissolved in 2 Tbs. water", "originalName": "cornstarch dissolved in 2 Tbs. water", "amount": 1.0, "unit": "Tbs", "meta": ["dissolved in 2 tbs. water"], "measures": {"us": {"amount": 1.0, "unitShort": "Tbs", "unitLong": "Tb"}, "metric": {"amount": 1.0, "unitShort": "Tbs", "unitLong": "Tb"}}}, {"id": 9032, "aisle": "Produce", "image": "dried-apricots.jpg", "consistency": "SOLID", "name": "apricots", "nameClean": "dried apricots", "original": "\u00bd cup dried apricots", "originalName": "dried apricots", "amount": 0.5, "unit": "cup", "meta": ["dried"], "measures": {"us": {"amount": 0.5, "unitShort": "cups", "unitLong": "cups"}, "metric": {"amount": 65.0, "unitShort": "g", "unitLong": "grams"}}}, {"id": 9079, "aisle": "Produce", "image": "dried-cranberries.jpg", "consistency": "SOLID", "name": "cranberries", "nameClean": "dried cranberries", "original": "\u00bd cup dried cranberries", "originalName": "dried cranberries", "amount": 0.5, "unit": "cup", "meta": ["dried"], "measures": {"us": {"amount": 0.5, "unitShort": "cups", "unitLong": "cups"}, "metric": {"amount": 60.606, "unitShort": "g", "unitLong": "grams"}}}, {"id": 93639, "aisle": "Produce", "image": "candied-ginger-or-crystallized-ginger.jpg", "consistency": "SOLID", "name": "pineapple", "nameClean": "dried pineapple", "original": "\u00bd cup dried pineapple", "originalName": "dried pineapple", "amount": 0.5, "unit": "cup", "meta": ["dried"], "measures": {"us": {"amount": 0.5, "unitShort": "cups", "unitLong": "cups"}, "metric": {"amount": 80.0, "unitShort": "g", "unitLong": "grams"}}}, {"id": 1002030, "aisle": "Spices and Seasonings", "image": "pepper.jpg", "consistency": "SOLID", "name": "ground pepper", "nameClean": "black pepper", "original": "Ground black pepper to taste", "originalName": "Ground black pepper to taste", "amount": 4.0, "unit": "servings", "meta": ["black", "to taste"], "measures": {"us": {"amount": 4.0, "unitShort": "servings", "unitLong": "servings"}, "metric": {"amount": 4.0, "unitShort": "servings", "unitLong": "servings"}}}, {"id": 10014649, "aisle": "Gourmet", "image": "dried-hibiscus.jpg", "consistency": "SOLID", "name": "hibiscus petals", "nameClean": "dried hibiscus", "original": "\u00bc cup dried hibiscus petals", "originalName": "dried hibiscus petals", "amount": 0.25, "unit": "cup", "meta": ["dried"], "measures": {"us": {"amount": 0.25, "unitShort": "cups", "unitLong": "cups"}, "metric": {"amount": 59.147, "unitShort": "ml", "unitLong": "milliliters"}}}, {"id": 1082047, "aisle": "Spices and Seasonings", "image": "salt.jpg", "consistency": "SOLID", "name": "kosher salt", "nameClean": "kosher salt", "original": "Kosher Salt to taste", "originalName": "Kosher Salt to taste", "amount": 4.0, "unit": "servings", "meta": ["to taste"], "measures": {"us": {"amount": 4.0, "unitShort": "servings", "unitLong": "servings"}, "metric": {"amount": 4.0, "unitShort": "servings", "unitLong": "servings"}}}, {"id": 2047, "aisle": "Spices and Seasonings", "image": "salt.jpg", "consistency": "SOLID", "name": "salt", "nameClean": "table salt", "original": "Salt to taste", "originalName": "Salt to taste", "amount": 4.0, "unit": "servings", "meta": ["to taste"], "measures": {"us": {"amount": 4.0, "unitShort": "servings", "unitLong": "servings"}, "metric": {"amount": 4.0, "unitShort": "servings", "unitLong": "servings"}}}, {"id": 11677, "aisle": "Produce", "image": "shallots.jpg", "consistency": "SOLID", "name": "shallot", "nameClean": "shallot", "original": "1 Tbs. Chopped Shallot", "originalName": "Chopped Shallot", "amount": 1.0, "unit": "Tbs", "meta": ["chopped"], "measures": {"us": {"amount": 1.0, "unitShort": "Tbs", "unitLong": "Tb"}, "metric": {"amount": 1.0, "unitShort": "Tbs", "unitLong": "Tb"}}}, {"id": 10011457, "aisle": "Produce", "image": "spinach.jpg", "consistency": "SOLID", "name": "spinach leaves", "nameClean": "spinach", "original": "2 cups spinach leaves", "originalName": "spinach leaves", "amount": 2.0, "unit": "cups", "meta": [], "measures": {"us": {"amount": 2.0, "unitShort": "cups", "unitLong": "cups"}, "metric": {"amount": 60.0, "unitShort": "g", "unitLong": "grams"}}}, {"id": 19335, "aisle": "Baking", "image": "sugar-in-bowl.png", "consistency": "SOLID", "name": "sugar", "nameClean": "sugar", "original": "2 tsp. Sugar", "originalName": "Sugar", "amount": 2.0, "unit": "tsp", "meta": [], "measures": {"us": {"amount": 2.0, "unitShort": "tsps", "unitLong": "teaspoons"}, "metric": {"amount": 2.0, "unitShort": "tsps", "unitLong": "teaspoons"}}}, {"id": 5696, "aisle": "Meat", "image": "turkey-breast.jpg", "consistency": "SOLID", "name": "lobe turkey breast", "nameClean": "boneless turkey breast", "original": "1 lobe Turkey Breast (skin on)", "originalName": "lobe Turkey Breast (skin on)", "amount": 1.0, "unit": "", "meta": ["(skin on)"], "measures": {"us": {"amount": 1.0, "unitShort": "", "unitLong": ""}, "metric": {"amount": 1.0, "unitShort": "", "unitLong": ""}}}, {"id": 1006172, "aisle": "Canned and Jarred", "image": "chicken-broth.png", "consistency": "LIQUID", "name": "turkey stock", "nameClean": "turkey stock", "original": "2 cups turkey stock", "originalName": "turkey stock", "amount": 2.0, "unit": "cups", "meta": [], "measures": {"us": {"amount": 2.0, "unitShort": "cups", "unitLong": "cups"}, "metric": {"amount": 473.176, "unitShort": "ml", "unitLong": "milliliters"}}}, {"id": 2053, "aisle": "Oil, Vinegar, Salad Dressing", "image": "vinegar-(white).jpg", "consistency": "LIQUID", "name": "vinegar", "nameClean": "distilled white vinegar", "original": "3 Tbs. white vinegar", "originalName": "white vinegar", "amount": 3.0, "unit": "Tbs", "meta": ["white"], "measures": {"us": {"amount": 3.0, "unitShort": "Tbs", "unitLong": "Tbs"}, "metric": {"amount": 3.0, "unitShort": "Tbs", "unitLong": "Tbs"}}}, {"id": -1, "aisle": "?", "image": null, "consistency": "SOLID", "name": "foil", "nameClean": null, "original": "1 Large Sheet foil", "originalName": "Large Sheet foil", "amount": 1.0, "unit": "", "meta": [], "measures": {"us": {"amount": 1.0, "unitShort": "", "unitLong": ""}, "metric": {"amount": 1.0, "unitShort": "", "unitLong": ""}}}, {"id": -1, "aisle": "?", "image": null, "consistency": "SOLID", "name": "foil", "nameClean": null, "original": "1 Large Sheet foil", "originalName": "Large Sheet foil", "amount": 1.0, "unit": "", "meta": [], "measures": {"us": {"amount": 1.0, "unitShort": "", "unitLong": ""}, "metric": {"amount": 1.0, "unitShort": "", "unitLong": ""}}}], "id": 644828, "title": "Gluten Free Fruit Stuffed Turkey Breast with Hibiscus Sauce", "readyInMinutes": 45, "servings": 4, "sourceUrl": "http://www.foodista.com/recipe/TG5HY8N2/gluten-free-fruit-stuffed-turkey-breast-with-hibiscus-sauce", "image": "https://img.spoonacular.com/recipes/644828-556x370.jpg", "imageType": "jpg", "summary": "Gluten Free Fruit Stuffed Turkey Breast with Hibiscus Sauce might be a good recipe to expand your main course repertoire. One portion of this dish contains roughly <b>47g of protein</b>, <b>11g of fat</b>, and a total of <b>466 calories</b>. This gluten free recipe serves 4 and costs <b>$4.15 per serving</b>. It is brought to you by Foodista. 8 people were glad they tried this recipe. Head to the store and pick up kosher salt, hibiscus petals, ground pepper, and a few other things to make it today. From preparation to the plate, this recipe takes roughly <b>45 minutes</b>. Overall, this recipe earns a <b>good spoonacular score of 78%</b>. Similar recipes include <a href=\"https://spoonacular.com/recipes/gluten-free-roast-turkey-breast-and-avocado-cream-on-a-bed-of-g-21275\">Gluten-free Roast Turkey Breast And Avocado Cream On A Bed Of G</a>, <a href=\"https://spoonacular.com/recipes/porcini-sage-roasted-turkey-breast-low-carb-gluten-free-691791\">Porcini & Sage Roasted Turkey Breast \u2013 Low Carb & Gluten Free</a>, and <a href=\"https://spoonacular.com/recipes/rolled-stuffed-turkey-breast-creamy-basil-sauce-697383\">Rolled Stuffed Turkey Breast & Creamy Basil Sauce</a>.", "cuisines": [], "dishTypes": ["lunch", "main course", "main dish", "dinner"], "diets": ["gluten free"], "occasions": [], "instructions": "<ol><li>For the Turkey:</li><li>Method: Preheat oven to 350 degrees.  Slit a pocket laterally in the turkey breast. Julienne the dried fruit and the spinach and mix in a bowl with the chopped shallot. Stuff the mixture into the turkey breast and season with salt and pepper, coat with the melted butter and wrap in sheet of foil. Heat a large skillet until it is very hot and place the turkey in the pan and allow to cook for about two minutes on each side or until it is golden brown on all sides (you will have to peek inside the foil to check). Place the pan in the oven and cook for 15 minutes then flip the breasts and cook for an additional 20 to 30 minutes or until a probe thermometer inserted into the middle of the breast reads 165 degrees. Remove the pan from the oven and place the pan on a cutting board and allow to rest for five minutes. Remove the turkey from the foil then carve into 1  inch thick medallions</li><li>For the sauce:</li><li>Method: In a non-reactive saucepan bring the vinegar and the sugar to a boil. Cook the mixture till the sugar begins to caramelize (Brown). Add the Stock to the mixture quickly so that the caramel does not burn then add the hibiscus flowers to the pan and bring to a low boil. Allow the mixture to reduce by  then whisk in the cornstarch with the mixture still at a low boil. Season the sauce to taste with the salt then strain the sauce through a chinoix or fine sauce strainer.</li><li>To serve: Place a 1 oz. pool of the sauce on a plate and fan the carved turkey over the sauce.</li></ol>", "analyzedInstructions": [{"name": "", "steps": [{"number": 1, "step": "For the Turkey:Method: Preheat oven to 350 degrees.  Slit a pocket laterally in the turkey breast. Julienne the dried fruit and the spinach and mix in a bowl with the chopped shallot. Stuff the mixture into the turkey breast and season with salt and pepper, coat with the melted butter and wrap in sheet of foil.", "ingredients": [{"id": 1102047, "name": "salt and pepper", "localizedName": "salt and pepper", "image": "https://spoonacular.com/cdn/ingredients_100x100/salt-and-pepper.jpg"}, {"id": 5696, "name": "turkey breast", "localizedName": "turkey breast", "image": "https://spoonacular.com/cdn/ingredients_100x100/turkey-breast.jpg"}, {"id": 1009094, "name": "dried fruit", "localizedName": "dried fruit", "image": "https://spoonacular.com/cdn/ingredients_100x100/dried-fruit-mixed.jpg"}, {"id": 11677, "name": "shallot", "localizedName": "shallot", "image": "https://spoonacular.com/cdn/ingredients_100x100/shallots.jpg"}, {"id": 10011457, "name": "spinach", "localizedName": "spinach", "image": "https://spoonacular.com/cdn/ingredients_100x100/spinach.jpg"}, {"id": 1001, "name": "butter", "localizedName": "butter", "image": "https://spoonacular.com/cdn/ingredients_100x100/butter-sliced.jpg"}, {"id": 5165, "name": "whole turkey", "localizedName": "whole turkey", "image": "https://spoonacular.com/cdn/ingredients_100x100/turkey-raw-whole.jpg"}, {"id": 10018364, "name": "wrap", "localizedName": "wrap", "image": "https://spoonacular.com/cdn/ingredients_100x100/flour-tortilla.jpg"}], "equipment": [{"id": 404783, "name": "bowl", "localizedName": "bowl", "image": "https://spoonacular.com/cdn/equipment_100x100/bowl.jpg"}, {"id": 404765, "name": "aluminum foil", "localizedName": "aluminum foil", "image": "https://spoonacular.com/cdn/equipment_100x100/aluminum-foil.png"}, {"id": 404784, "name": "oven", "localizedName": "oven", "image": "https://spoonacular.com/cdn/equipment_100x100/oven.jpg"}]}, {"number": 2, "step": "Heat a large skillet until it is very hot and place the turkey in the pan and allow to cook for about two minutes on each side or until it is golden brown on all sides (you will have to peek inside the foil to check).", "ingredients": [{"id": 5165, "name": "whole turkey", "localizedName": "whole turkey", "image": "https://spoonacular.com/cdn/ingredients_100x100/turkey-raw-whole.jpg"}], "equipment": [{"id": 404645, "name": "frying pan", "localizedName": "frying pan", "image": "https://spoonacular.com/cdn/equipment_100x100/pan.png"}, {"id": 404765, "name": "aluminum foil", "localizedName": "aluminum foil", "image": "https://spoonacular.com/cdn/equipment_100x100/aluminum-foil.png"}], "length": {"number": 2, "unit": "minutes"}}, {"number": 3, "step": "Place the pan in the oven and cook for 15 minutes then flip the breasts and cook for an additional 20 to 30 minutes or until a probe thermometer inserted into the middle of the breast reads 165 degrees.", "ingredients": [], "equipment": [{"id": 404789, "name": "kitchen thermometer", "localizedName": "kitchen thermometer", "image": "https://spoonacular.com/cdn/equipment_100x100/food-thermometer.jpg"}, {"id": 404784, "name": "oven", "localizedName": "oven", "image": "https://spoonacular.com/cdn/equipment_100x100/oven.jpg"}, {"id": 404645, "name": "frying pan", "localizedName": "frying pan", "image": "https://spoonacular.com/cdn/equipment_100x100/pan.png"}], "length": {"number": 35, "unit": "minutes"}}, {"number": 4, "step": "Remove the pan from the oven and place the pan on a cutting board and allow to rest for five minutes.", "ingredients": [], "equipment": [{"id": 404716, "name": "cutting board", "localizedName": "cutting board", "image": "https://spoonacular.com/cdn/equipment_100x100/cutting-board.jpg"}, {"id": 404784, "name": "oven", "localizedName": "oven", "image": "https://spoonacular.com/cdn/equipment_100x100/oven.jpg"}, {"id": 404645, "name": "frying pan", "localizedName": "frying pan", "image": "https://spoonacular.com/cdn/equipment_100x100/pan.png"}], "length": {"number": 5, "unit": "minutes"}}, {"number": 5, "step": "Remove the turkey from the foil then carve into 1  inch thick medallions", "ingredients": [{"id": 5165, "name": "whole turkey", "localizedName": "whole turkey", "image": "https://spoonacular.com/cdn/ingredients_100x100/turkey-raw-whole.jpg"}], "equipment": [{"id": 404765, "name": "aluminum foil", "localizedName": "aluminum foil", "image": "https://spoonacular.com/cdn/equipment_100x100/aluminum-foil.png"}]}, {"number": 6, "step": "For the sauce:Method: In a non-reactive saucepan bring the vinegar and the sugar to a boil. Cook the mixture till the sugar begins to caramelize (Brown).", "ingredients": [{"id": 2053, "name": "vinegar", "localizedName": "vinegar", "image": "https://spoonacular.com/cdn/ingredients_100x100/vinegar-(white).jpg"}, {"id": 0, "name": "sauce", "localizedName": "sauce", "image": ""}, {"id": 19335, "name": "sugar", "localizedName": "sugar", "image": "https://spoonacular.com/cdn/ingredients_100x100/sugar-in-bowl.png"}], "equipment": [{"id": 404669, "name": "sauce pan", "localizedName": "sauce pan", "image": "https://spoonacular.com/cdn/equipment_100x100/sauce-pan.jpg"}]}]}, {"name": "Add the Stock to the mixture quickly so that the caramel does not burn then add the hibiscus flowers to the pan and bring to a low boil. Allow the mixture to reduce by  then whisk in the cornstarch with the mixture still at a low boil. Season the sauce to taste with the salt then strain the sauce through a chinoix or fine sauce strainer.To serve", "steps": [{"number": 1, "step": "Place a 1 oz. pool of the sauce on a plate and fan the carved turkey over the sauce.", "ingredients": [{"id": 7081, "name": "sliced turkey", "localizedName": "sliced turkey", "image": "https://spoonacular.com/cdn/ingredients_100x100/deli-turkey.jpg"}, {"id": 0, "name": "sauce", "localizedName": "sauce", "image": ""}], "equipment": []}]}], "originalId": null, "spoonacularScore": 75.6772232055664, "spoonacularSourceUrl": "https://spoonacular.com/gluten-free-fruit-stuffed-turkey-breast-with-hibiscus-sauce-644828"}]}